{"rotation":0,"arcs":[[[22.5540530526558,5.07250805680167,0.4676532099204614],[18.01939374363119,23.71558754992686,0.7084706560457179],[1.176999791144759,7.204791676102314,0.568546688988519]]],"pocketCuts":[[[0.3881843067626458,3.838010042024549,0.3539259820408219],[0.750910152914342,0.7137667662221008,0.0003187095786585296],[0.7516333165045439,0.7130589654215231,0.7977785631022638],[4.84995638742829,3.353127027151987,0.6229897270186802],[0.3881846246134653,3.838010518800778,1.804767379011531e-07]]],"hidden":false,"onStockBottom":false,"tools":["3FE64A6F-BFBC-4E48-8D48-9D7195783FDC"],"scaleFactor":0.2,"cutInterior":true,"uuid":"0DE5D943-6333-4728-BD81-A723230E00D3","cutOutline":false,"origin":{"y":16.40608751342119,"b":0,"z":0,"x":8.5611537475388,"c":0},"name":"filledcircle1.svg","machiningProperties":{"3FE64A6F-BFBC-4E48-8D48-9D7195783FDC":{"radius":0.793749988079071,"stepover":0.15,"max_cut_connection_length":25,"z_feed_rate":40,"pass_depth":0.2300000005416776,"spindle_speed":12000,"xy_feed_rate":600,"climb":true}},"type":"OLSVGMillingPlan","outlineType":0,"collapsed":true,"jobsArray":[{"tag":"pocket","blocks":"TjFHMjEKTjJHOTAKTjNHOTQKTjRHNTUKTjVHNTMgRzAwIHotMC41MDAKTjZHMDAgeDIuNDcyIHkyLjQ3MgpON0cwMCB6Mi4wMDAKTjhHMDEgRjcwIHoxLjAwMApOOU0zIFMxMjAwMApOMTBHMDQgcDEuNTAwCk4xMUcwMCB4Mi40NzIgeTIuNDcyCk4xMkcwMSBGNzAgejAuNTAwCk4xM0cwMSBGNDAgei0wLjE1MApOMTRHMDQgcDAuMTAwCk4xNUcwMyBGNjAwIHgyLjUxOSB5Mi40NjYgcjAuMDM5Ck4xNkcwMyBGNjAwIHgyLjUzOCB5Mi41MDkgcjAuMDM5Ck4xN0cwMyBGNjAwIHgyLjUwOCB5Mi41MzkgcjAuMDM5Ck4xOEcwMyBGNjAwIHgyLjQ2OCB5Mi41MjQgcjAuMDM5Ck4xOUcwMyBGNjAwIHgyLjQ3MiB5Mi40NzIgcjAuMDM5Ck4yMEcwMSBGNjAwIHgyLjMwNiB5Mi4zMDIKTjIxRzAzIEY2MDAgeDIuNjY4IHkyLjI3OSByMC4yNzgKTjIyRzAzIEY2MDAgeDIuNzQzIHkyLjYzNSByMC4yNzgKTjIzRzAzIEY2MDAgeDIuMzEwIHkyLjcwMiByMC4yNzgKTjI0RzAzIEY2MDAgeDIuMzA2IHkyLjMwMiByMC4yNzcKTjI1RzAxIEY2MDAgeDIuMTQwIHkyLjEzMQpOMjZHMDMgRjYwMCB4Mi42NTYgeTIuMDA5IHIwLjUxNgpOMjdHMDMgRjYwMCB4My4wMDcgeTIuNDA3IHIwLjUxNgpOMjhHMDMgRjYwMCB4Mi43OTkgeTIuOTIwIHIwLjUxNgpOMjlHMDMgRjYwMCB4Mi4yNDYgeTIuOTQ4IHIwLjUxNgpOMzBHMDMgRjYwMCB4Mi4xNDAgeTIuMTMxIHIwLjUxNgpOMzFHMDEgRjYwMCB4MS45NzMgeTEuOTYxCk4zMkcwMyBGNjAwIHgyLjYzOCB5MS43NTkgcjAuNzU0Ck4zM0cwMyBGNjAwIHgzLjIyOSB5Mi4zMDkgcjAuNzU0Ck4zNEcwMyBGNjAwIHgyLjk4MyB5My4wNzggcjAuNzU0Ck4zNUcwMyBGNjAwIHgxLjk0MSB5My4wMDYgcjAuNzU0Ck4zNkcwMyBGNjAwIHgxLjk3MyB5MS45NjEgcjAuNzU0Ck4zN0cwMSBGNjAwIHgxLjgwNiB5MS43OTEKTjM4RzAzIEY2MDAgeDMuMzY1IHkyLjAxNSByMC45OTIKTjM5RzAzIEY2MDAgeDMuMTg5IHkzLjIxNCByMC45OTIKTjQwRzAzIEY2MDAgeDEuOTg0IHkzLjM0NyByMC45OTIKTjQxRzAzIEY2MDAgeDEuODA2IHkxLjc5MSByMC45OTIKTjQyRzAxIEY2MDAgeDEuNjQwIHkxLjYyMQpONDNHMDMgRjYwMCB4Mi45MzcgeTEuMzUwIHIxLjIzMApONDRHMDMgRjYwMCB4My43MjcgeTIuNDE1IHIxLjIzMApONDVHMDMgRjYwMCB4Mi41MjIgeTMuNzMwIHIxLjIzMApONDZHMDMgRjYwMCB4MS4zNjUgeTIuOTc1IHIxLjIzMApONDdHMDMgRjYwMCB4MS42NDAgeTEuNjIxIHIxLjIzMApONDhHMDEgRjYwMCB4MS40NzMgeTEuNDUxCk40OUcwMyBGNjAwIHgyLjk0NSB5MS4xMDEgcjEuNDY4Ck41MEcwMyBGNjAwIHgzLjk0NCB5Mi4yMzYgcjEuNDY4Ck41MUcwMyBGNjAwIHgzLjE3MSB5My44MDYgcjEuNDY4Ck41MkcwMyBGNjAwIHgxLjQ0NCB5My41MjAgcjEuNDY4Ck41M0cwMyBGNjAwIHgxLjQ3MyB5MS40NTEgcjEuNDY4Ck41NEcwMSBGNjAwIHgxLjMwNiB5MS4yODEKTjU1RzAzIEY2MDAgeDMuNDI0IHkxLjA2NiByMS43MDYKTjU2RzAzIEY2MDAgeDQuMTA0IHkzLjA4MyByMS43MDYKTjU3RzAzIEY2MDAgeDIuNjg0IHk0LjE5NiByMS43MDYKTjU4RzAzIEY2MDAgeDEuMDU5IHkzLjQxMyByMS43MDYKTjU5RzAzIEY2MDAgeDEuMzA2IHkxLjI4MSByMS43MDYKTjYwRzAwIHoxLjAwMApONjFNNQpONjJHNTMgRzAwIHotMC41MDAKTjYzTTMwCk42NAooTVNHQGVuZCkK","tool":"3FE64A6F-BFBC-4E48-8D48-9D7195783FDC","completed":0,"origin":{"y":22.42808751342119,"b":0,"z":-59.38100000000001,"x":11.8241537475388,"c":0},"uuid":"7DEE9BE3-5099-42C7-81BC-2FD20188498F"},{"tag":"exterior-profile","blocks":"TjFHMjEKTjJHOTAKTjNHOTQKTjRHNTUKTjVHNTMgRzAwIHotMC41MDAKTjZHMDAgeDAuMTgxIHkwLjE2MQpON0cwMCB6Mi4wMDAKTjhHMDEgRjcwIHoxLjAwMApOOU0zIFMxMjAwMApOMTBHMDQgcDEuNTAwCk4xMUcwMCB4MC4xODEgeTAuMTYxCk4xMkcwMSBGNzAgejAuNTAwCk4xM0cwMSBGNDAgei0wLjIxOApOMTRHMDQgcDAuMTAwCk4xNUcwMyBGNjAwIHgzLjgzMCB5LTAuNTEzIHIzLjI5NApOMTZHMDMgRjYwMCB4NC43NzkgeTQuODc4IHIzLjI5NApOMTdHMDMgRjYwMCB4MC4xNDIgeTQuNzk5IHIzLjI5NApOMThHMDMgRjYwMCB4MC4xODEgeTAuMTYxIHIzLjI5NApOMTlHMDEgRjQwIHotMC40MzUKTjIwRzA0IHAwLjEwMApOMjFHMDMgRjYwMCB4My44MzAgeS0wLjUxMyByMy4yOTQKTjIyRzAzIEY2MDAgeDQuNzc5IHk0Ljg3OCByMy4yOTQKTjIzRzAzIEY2MDAgeDAuMTQyIHk0Ljc5OSByMy4yOTQKTjI0RzAzIEY2MDAgeDAuMTgxIHkwLjE2MSByMy4yOTQKTjI1RzAxIEY0MCB6LTAuNjUzCk4yNkcwNCBwMC4xMDAKTjI3RzAzIEY2MDAgeDMuODMwIHktMC41MTMgcjMuMjk0Ck4yOEcwMyBGNjAwIHg0Ljc3OSB5NC44NzggcjMuMjk0Ck4yOUcwMyBGNjAwIHgwLjE0MiB5NC43OTkgcjMuMjk0Ck4zMEcwMyBGNjAwIHgwLjE4MSB5MC4xNjEgcjMuMjk0Ck4zMUcwMSBGNDAgei0wLjg3MQpOMzJHMDQgcDAuMTAwCk4zM0cwMyBGNjAwIHgzLjgzMCB5LTAuNTEzIHIzLjI5NApOMzRHMDMgRjYwMCB4NC43NzkgeTQuODc4IHIzLjI5NApOMzVHMDMgRjYwMCB4MC4xNDIgeTQuNzk5IHIzLjI5NApOMzZHMDMgRjYwMCB4MC4xODEgeTAuMTYxIHIzLjI5NApOMzdHMDEgRjQwIHotMS4wODgKTjM4RzA0IHAwLjEwMApOMzlHMDMgRjYwMCB4My44MzAgeS0wLjUxMyByMy4yOTQKTjQwRzAzIEY2MDAgeDQuNzc5IHk0Ljg3OCByMy4yOTQKTjQxRzAzIEY2MDAgeDAuMTQyIHk0Ljc5OSByMy4yOTQKTjQyRzAzIEY2MDAgeDAuMTgxIHkwLjE2MSByMy4yOTQKTjQzRzAxIEY0MCB6LTEuMzA2Ck40NEcwNCBwMC4xMDAKTjQ1RzAzIEY2MDAgeDMuODMwIHktMC41MTMgcjMuMjk0Ck40NkcwMyBGNjAwIHg0Ljc3OSB5NC44NzggcjMuMjk0Ck40N0cwMyBGNjAwIHgwLjE0MiB5NC43OTkgcjMuMjk0Ck40OEcwMyBGNjAwIHgwLjE4MSB5MC4xNjEgcjMuMjk0Ck40OUcwMSBGNDAgei0xLjUyNApONTBHMDQgcDAuMTAwCk41MUcwMyBGNjAwIHgzLjgzMCB5LTAuNTEzIHIzLjI5NApONTJHMDMgRjYwMCB4NC43NzkgeTQuODc4IHIzLjI5NApONTNHMDMgRjYwMCB4MC4xNDIgeTQuNzk5IHIzLjI5NApONTRHMDMgRjYwMCB4MC4xODEgeTAuMTYxIHIzLjI5NApONTVHMDEgRjQwIHotMS43NDEKTjU2RzA0IHAwLjEwMApONTdHMDMgRjYwMCB4My44MzAgeS0wLjUxMyByMy4yOTQKTjU4RzAzIEY2MDAgeDQuNzc5IHk0Ljg3OCByMy4yOTQKTjU5RzAzIEY2MDAgeDAuMTQyIHk0Ljc5OSByMy4yOTQKTjYwRzAzIEY2MDAgeDAuMTgxIHkwLjE2MSByMy4yOTQKTjYxRzAxIEY0MCB6LTEuOTU5Ck42MkcwNCBwMC4xMDAKTjYzRzAzIEY2MDAgeDMuODMwIHktMC41MTMgcjMuMjk0Ck42NEcwMyBGNjAwIHg0Ljc3OSB5NC44NzggcjMuMjk0Ck42NUcwMyBGNjAwIHgwLjE0MiB5NC43OTkgcjMuMjk0Ck42NkcwMyBGNjAwIHgwLjE4MSB5MC4xNjEgcjMuMjk0Ck42N0cwMSBGNDAgei0yLjE3NgpONjhHMDQgcDAuMTAwCk42OUcwMyBGNjAwIHgzLjgzMCB5LTAuNTEzIHIzLjI5NApONzBHMDMgRjYwMCB4NC43NzkgeTQuODc4IHIzLjI5NApONzFHMDMgRjYwMCB4MC4xNDIgeTQuNzk5IHIzLjI5NApONzJHMDMgRjYwMCB4MC4xODEgeTAuMTYxIHIzLjI5NApONzNHMDEgRjQwIHotMi4zOTQKTjc0RzA0IHAwLjEwMApONzVHMDMgRjYwMCB4My44MzAgeS0wLjUxMyByMy4yOTQKTjc2RzAzIEY2MDAgeDQuNzc5IHk0Ljg3OCByMy4yOTQKTjc3RzAzIEY2MDAgeDAuMTQyIHk0Ljc5OSByMy4yOTQKTjc4RzAzIEY2MDAgeDAuMTgxIHkwLjE2MSByMy4yOTQKTjc5RzAxIEY0MCB6LTIuNjEyCk44MEcwNCBwMC4xMDAKTjgxRzAzIEY2MDAgeDMuODMwIHktMC41MTMgcjMuMjk0Ck44MkcwMyBGNjAwIHg0Ljc3OSB5NC44NzggcjMuMjk0Ck44M0cwMyBGNjAwIHgwLjE0MiB5NC43OTkgcjMuMjk0Ck44NEcwMyBGNjAwIHgwLjE4MSB5MC4xNjEgcjMuMjk0Ck44NUcwMSBGNDAgei0yLjgyOQpOODZHMDQgcDAuMTAwCk44N0cwMyBGNjAwIHgzLjgzMCB5LTAuNTEzIHIzLjI5NApOODhHMDMgRjYwMCB4NC43NzkgeTQuODc4IHIzLjI5NApOODlHMDMgRjYwMCB4MC4xNDIgeTQuNzk5IHIzLjI5NApOOTBHMDMgRjYwMCB4MC4xODEgeTAuMTYxIHIzLjI5NApOOTFHMDEgRjQwIHotMy4wNDcKTjkyRzA0IHAwLjEwMApOOTNHMDMgRjYwMCB4My44MzAgeS0wLjUxMyByMy4yOTQKTjk0RzAzIEY2MDAgeDQuNzc5IHk0Ljg3OCByMy4yOTQKTjk1RzAzIEY2MDAgeDAuMTQyIHk0Ljc5OSByMy4yOTQKTjk2RzAzIEY2MDAgeDAuMTgxIHkwLjE2MSByMy4yOTQKTjk3RzAwIHoxLjAwMApOOThNNQpOOTlHNTMgRzAwIHotMC41MDAKTjEwME0zMApOMTAxCihNU0dAZW5kKQo=","tool":"3FE64A6F-BFBC-4E48-8D48-9D7195783FDC","completed":0,"origin":null,"uuid":"387001A5-F39E-4F5D-A16B-79BE14D841C0"}],"outlineCuts":[[[4.151228127932466,-1.239136748071332,3.759369389409922e-06],[4.151239043138915,-1.239131918333965,0.5338060003778249],[5.329111141910949,5.45025360922601,1.549511091116719e-06],[5.329107567905297,5.450256990042166,0.9916241841052216],[-0.3783127589743476,-0.4022293283775369,1.413398423793833e-05],[-0.3782808827077289,-0.4022609148599137,0.3085416573501876]],[[3.509168831304892,0.2127299255076416,3.651331465136089e-06],[3.509158205882686,0.2127252889597697,-0.3083547411591113],[0.740196651447101,0.7243113557159098,1.148785667441794e-05],[0.7401707640548165,0.7243370499186996,-0.9916204338262818],[4.229723337886687,4.305044541289848,1.054341271474011e-06],[4.22972575275537,4.305042223015912,-0.5340252012485525]]],"invert":0,"engraveDepth":0.15}