{"rotation":0,"arcs":[[[22.5540530526558,5.07250805680167,0.4676532099204614],[18.01939374363119,23.71558754992686,0.7084706560457179],[1.176999791144759,7.204791676102314,0.568546688988519]]],"pocketCuts":[[[0.3881843067626458,3.838010042024549,0.3539259820408219],[0.750910152914342,0.7137667662221008,0.0003187095786585296],[0.7516333165045439,0.7130589654215231,0.7977785631022638],[4.84995638742829,3.353127027151987,0.6229897270186802],[0.3881846246134653,3.838010518800778,1.804767379011531e-07]]],"hidden":false,"onStockBottom":false,"tools":["3FE64A6F-BFBC-4E48-8D48-9D7195783FDC"],"scaleFactor":0.2,"cutInterior":true,"uuid":"3D4AD7F5-9D21-44BD-B16C-08457A05C477","cutOutline":false,"origin":{"y":22.65769501204309,"b":0,"z":0,"x":12.16416801671184,"c":0},"name":"filledcircle1.svg","machiningProperties":{"3FE64A6F-BFBC-4E48-8D48-9D7195783FDC":{"radius":0.793749988079071,"stepover":0.15,"max_cut_connection_length":25,"z_feed_rate":40,"pass_depth":0.2300000005416776,"spindle_speed":12000,"xy_feed_rate":600,"climb":true}},"type":"OLSVGMillingPlan","outlineType":0,"collapsed":true,"jobsArray":[{"tag":"pocket","blocks":"TjFHMjEKTjJHOTAKTjNHOTQKTjRHNTUKTjVHNTMgRzAwIHotMC41MDAKTjZHMDAgeDIuNDcyIHkyLjQ3MgpON0cwMCB6Mi4wMDAKTjhHMDEgRjcwIHoxLjAwMApOOU0zIFMxMjAwMApOMTBHMDQgcDEuNTAwCk4xMUcwMCB4Mi40NzIgeTIuNDcyCk4xMkcwMSBGNzAgejAuNTAwCk4xM0cwMSBGNDAgei0wLjIxMgpOMTRHMDQgcDAuMTAwCk4xNUcwMyBGNjAwIHgyLjUxOSB5Mi40NjYgcjAuMDM5Ck4xNkcwMyBGNjAwIHgyLjUzOCB5Mi41MDkgcjAuMDM5Ck4xN0cwMyBGNjAwIHgyLjUwOCB5Mi41MzkgcjAuMDM5Ck4xOEcwMyBGNjAwIHgyLjQ2OCB5Mi41MjQgcjAuMDM5Ck4xOUcwMyBGNjAwIHgyLjQ3MiB5Mi40NzIgcjAuMDM5Ck4yMEcwMSBGNjAwIHgyLjMwNiB5Mi4zMDIKTjIxRzAzIEY2MDAgeDIuNjY4IHkyLjI3OSByMC4yNzgKTjIyRzAzIEY2MDAgeDIuNzQzIHkyLjYzNSByMC4yNzgKTjIzRzAzIEY2MDAgeDIuMzEwIHkyLjcwMiByMC4yNzgKTjI0RzAzIEY2MDAgeDIuMzA2IHkyLjMwMiByMC4yNzcKTjI1RzAxIEY2MDAgeDIuMTQwIHkyLjEzMQpOMjZHMDMgRjYwMCB4Mi42NTYgeTIuMDA5IHIwLjUxNgpOMjdHMDMgRjYwMCB4My4wMDcgeTIuNDA3IHIwLjUxNgpOMjhHMDMgRjYwMCB4Mi43OTkgeTIuOTIwIHIwLjUxNgpOMjlHMDMgRjYwMCB4Mi4yNDYgeTIuOTQ4IHIwLjUxNgpOMzBHMDMgRjYwMCB4Mi4xNDAgeTIuMTMxIHIwLjUxNgpOMzFHMDEgRjYwMCB4MS45NzMgeTEuOTYxCk4zMkcwMyBGNjAwIHgyLjYzOCB5MS43NTkgcjAuNzU0Ck4zM0cwMyBGNjAwIHgzLjIyOSB5Mi4zMDkgcjAuNzU0Ck4zNEcwMyBGNjAwIHgyLjk4MyB5My4wNzggcjAuNzU0Ck4zNUcwMyBGNjAwIHgxLjk0MSB5My4wMDYgcjAuNzU0Ck4zNkcwMyBGNjAwIHgxLjk3MyB5MS45NjEgcjAuNzU0Ck4zN0cwMSBGNjAwIHgxLjgwNiB5MS43OTEKTjM4RzAzIEY2MDAgeDMuMzY1IHkyLjAxNSByMC45OTIKTjM5RzAzIEY2MDAgeDMuMTg5IHkzLjIxNCByMC45OTIKTjQwRzAzIEY2MDAgeDEuOTg0IHkzLjM0NyByMC45OTIKTjQxRzAzIEY2MDAgeDEuODA2IHkxLjc5MSByMC45OTIKTjQyRzAxIEY2MDAgeDEuNjQwIHkxLjYyMQpONDNHMDMgRjYwMCB4Mi45MzcgeTEuMzUwIHIxLjIzMApONDRHMDMgRjYwMCB4My43MjcgeTIuNDE1IHIxLjIzMApONDVHMDMgRjYwMCB4Mi41MjIgeTMuNzMwIHIxLjIzMApONDZHMDMgRjYwMCB4MS4zNjUgeTIuOTc1IHIxLjIzMApONDdHMDMgRjYwMCB4MS42NDAgeTEuNjIxIHIxLjIzMApONDhHMDEgRjYwMCB4MS40NzMgeTEuNDUxCk40OUcwMyBGNjAwIHgyLjk0NSB5MS4xMDEgcjEuNDY4Ck41MEcwMyBGNjAwIHgzLjk0NCB5Mi4yMzYgcjEuNDY4Ck41MUcwMyBGNjAwIHgzLjE3MSB5My44MDYgcjEuNDY4Ck41MkcwMyBGNjAwIHgxLjQ0NCB5My41MjAgcjEuNDY4Ck41M0cwMyBGNjAwIHgxLjQ3MyB5MS40NTEgcjEuNDY4Ck41NEcwMSBGNjAwIHgxLjMwNiB5MS4yODEKTjU1RzAzIEY2MDAgeDMuNDI0IHkxLjA2NiByMS43MDYKTjU2RzAzIEY2MDAgeDQuMTA0IHkzLjA4MyByMS43MDYKTjU3RzAzIEY2MDAgeDIuNjg0IHk0LjE5NiByMS43MDYKTjU4RzAzIEY2MDAgeDEuMDU5IHkzLjQxMyByMS43MDYKTjU5RzAzIEY2MDAgeDEuMzA2IHkxLjI4MSByMS43MDYKTjYwRzAwIHoxLjAwMApONjFHMDAgeDIuNDcyIHkyLjQ3MgpONjJHMDEgRjcwIHowLjUwMApONjNHMDEgRjQwIHotMC40MjMKTjY0RzA0IHAwLjEwMApONjVHMDMgRjYwMCB4Mi41MTkgeTIuNDY2IHIwLjAzOQpONjZHMDMgRjYwMCB4Mi41MzggeTIuNTA5IHIwLjAzOQpONjdHMDMgRjYwMCB4Mi41MDggeTIuNTM5IHIwLjAzOQpONjhHMDMgRjYwMCB4Mi40NjggeTIuNTI0IHIwLjAzOQpONjlHMDMgRjYwMCB4Mi40NzIgeTIuNDcyIHIwLjAzOQpONzBHMDEgRjYwMCB4Mi4zMDYgeTIuMzAyCk43MUcwMyBGNjAwIHgyLjY2OCB5Mi4yNzkgcjAuMjc4Ck43MkcwMyBGNjAwIHgyLjc0MyB5Mi42MzUgcjAuMjc4Ck43M0cwMyBGNjAwIHgyLjMxMCB5Mi43MDIgcjAuMjc4Ck43NEcwMyBGNjAwIHgyLjMwNiB5Mi4zMDIgcjAuMjc3Ck43NUcwMSBGNjAwIHgyLjE0MCB5Mi4xMzEKTjc2RzAzIEY2MDAgeDIuNjU2IHkyLjAwOSByMC41MTYKTjc3RzAzIEY2MDAgeDMuMDA3IHkyLjQwNyByMC41MTYKTjc4RzAzIEY2MDAgeDIuNzk5IHkyLjkyMCByMC41MTYKTjc5RzAzIEY2MDAgeDIuMjQ2IHkyLjk0OCByMC41MTYKTjgwRzAzIEY2MDAgeDIuMTQwIHkyLjEzMSByMC41MTYKTjgxRzAxIEY2MDAgeDEuOTczIHkxLjk2MQpOODJHMDMgRjYwMCB4Mi42MzggeTEuNzU5IHIwLjc1NApOODNHMDMgRjYwMCB4My4yMjkgeTIuMzA5IHIwLjc1NApOODRHMDMgRjYwMCB4Mi45ODMgeTMuMDc4IHIwLjc1NApOODVHMDMgRjYwMCB4MS45NDEgeTMuMDA2IHIwLjc1NApOODZHMDMgRjYwMCB4MS45NzMgeTEuOTYxIHIwLjc1NApOODdHMDEgRjYwMCB4MS44MDYgeTEuNzkxCk44OEcwMyBGNjAwIHgzLjM2NSB5Mi4wMTUgcjAuOTkyCk44OUcwMyBGNjAwIHgzLjE4OSB5My4yMTQgcjAuOTkyCk45MEcwMyBGNjAwIHgxLjk4NCB5My4zNDcgcjAuOTkyCk45MUcwMyBGNjAwIHgxLjgwNiB5MS43OTEgcjAuOTkyCk45MkcwMSBGNjAwIHgxLjY0MCB5MS42MjEKTjkzRzAzIEY2MDAgeDIuOTM3IHkxLjM1MCByMS4yMzAKTjk0RzAzIEY2MDAgeDMuNzI3IHkyLjQxNSByMS4yMzAKTjk1RzAzIEY2MDAgeDIuNTIyIHkzLjczMCByMS4yMzAKTjk2RzAzIEY2MDAgeDEuMzY1IHkyLjk3NSByMS4yMzAKTjk3RzAzIEY2MDAgeDEuNjQwIHkxLjYyMSByMS4yMzAKTjk4RzAxIEY2MDAgeDEuNDczIHkxLjQ1MQpOOTlHMDMgRjYwMCB4Mi45NDUgeTEuMTAxIHIxLjQ2OApOMTAwRzAzIEY2MDAgeDMuOTQ0IHkyLjIzNiByMS40NjgKTjEwMUcwMyBGNjAwIHgzLjE3MSB5My44MDYgcjEuNDY4Ck4xMDJHMDMgRjYwMCB4MS40NDQgeTMuNTIwIHIxLjQ2OApOMTAzRzAzIEY2MDAgeDEuNDczIHkxLjQ1MSByMS40NjgKTjEwNEcwMSBGNjAwIHgxLjMwNiB5MS4yODEKTjEwNUcwMyBGNjAwIHgzLjQyNCB5MS4wNjYgcjEuNzA2Ck4xMDZHMDMgRjYwMCB4NC4xMDQgeTMuMDgzIHIxLjcwNgpOMTA3RzAzIEY2MDAgeDIuNjg0IHk0LjE5NiByMS43MDYKTjEwOEcwMyBGNjAwIHgxLjA1OSB5My40MTMgcjEuNzA2Ck4xMDlHMDMgRjYwMCB4MS4zMDYgeTEuMjgxIHIxLjcwNgpOMTEwRzAwIHoxLjAwMApOMTExRzAwIHgyLjQ3MiB5Mi40NzIKTjExMkcwMSBGNzAgejAuNTAwCk4xMTNHMDEgRjQwIHotMC42MzUKTjExNEcwNCBwMC4xMDAKTjExNUcwMyBGNjAwIHgyLjUxOSB5Mi40NjYgcjAuMDM5Ck4xMTZHMDMgRjYwMCB4Mi41MzggeTIuNTA5IHIwLjAzOQpOMTE3RzAzIEY2MDAgeDIuNTA4IHkyLjUzOSByMC4wMzkKTjExOEcwMyBGNjAwIHgyLjQ2OCB5Mi41MjQgcjAuMDM5Ck4xMTlHMDMgRjYwMCB4Mi40NzIgeTIuNDcyIHIwLjAzOQpOMTIwRzAxIEY2MDAgeDIuMzA2IHkyLjMwMgpOMTIxRzAzIEY2MDAgeDIuNjY4IHkyLjI3OSByMC4yNzgKTjEyMkcwMyBGNjAwIHgyLjc0MyB5Mi42MzUgcjAuMjc4Ck4xMjNHMDMgRjYwMCB4Mi4zMTAgeTIuNzAyIHIwLjI3OApOMTI0RzAzIEY2MDAgeDIuMzA2IHkyLjMwMiByMC4yNzcKTjEyNUcwMSBGNjAwIHgyLjE0MCB5Mi4xMzEKTjEyNkcwMyBGNjAwIHgyLjY1NiB5Mi4wMDkgcjAuNTE2Ck4xMjdHMDMgRjYwMCB4My4wMDcgeTIuNDA3IHIwLjUxNgpOMTI4RzAzIEY2MDAgeDIuNzk5IHkyLjkyMCByMC41MTYKTjEyOUcwMyBGNjAwIHgyLjI0NiB5Mi45NDggcjAuNTE2Ck4xMzBHMDMgRjYwMCB4Mi4xNDAgeTIuMTMxIHIwLjUxNgpOMTMxRzAxIEY2MDAgeDEuOTczIHkxLjk2MQpOMTMyRzAzIEY2MDAgeDIuNjM4IHkxLjc1OSByMC43NTQKTjEzM0cwMyBGNjAwIHgzLjIyOSB5Mi4zMDkgcjAuNzU0Ck4xMzRHMDMgRjYwMCB4Mi45ODMgeTMuMDc4IHIwLjc1NApOMTM1RzAzIEY2MDAgeDEuOTQxIHkzLjAwNiByMC43NTQKTjEzNkcwMyBGNjAwIHgxLjk3MyB5MS45NjEgcjAuNzU0Ck4xMzdHMDEgRjYwMCB4MS44MDYgeTEuNzkxCk4xMzhHMDMgRjYwMCB4My4zNjUgeTIuMDE1IHIwLjk5MgpOMTM5RzAzIEY2MDAgeDMuMTg5IHkzLjIxNCByMC45OTIKTjE0MEcwMyBGNjAwIHgxLjk4NCB5My4zNDcgcjAuOTkyCk4xNDFHMDMgRjYwMCB4MS44MDYgeTEuNzkxIHIwLjk5MgpOMTQyRzAxIEY2MDAgeDEuNjQwIHkxLjYyMQpOMTQzRzAzIEY2MDAgeDIuOTM3IHkxLjM1MCByMS4yMzAKTjE0NEcwMyBGNjAwIHgzLjcyNyB5Mi40MTUgcjEuMjMwCk4xNDVHMDMgRjYwMCB4Mi41MjIgeTMuNzMwIHIxLjIzMApOMTQ2RzAzIEY2MDAgeDEuMzY1IHkyLjk3NSByMS4yMzAKTjE0N0cwMyBGNjAwIHgxLjY0MCB5MS42MjEgcjEuMjMwCk4xNDhHMDEgRjYwMCB4MS40NzMgeTEuNDUxCk4xNDlHMDMgRjYwMCB4Mi45NDUgeTEuMTAxIHIxLjQ2OApOMTUwRzAzIEY2MDAgeDMuOTQ0IHkyLjIzNiByMS40NjgKTjE1MUcwMyBGNjAwIHgzLjE3MSB5My44MDYgcjEuNDY4Ck4xNTJHMDMgRjYwMCB4MS40NDQgeTMuNTIwIHIxLjQ2OApOMTUzRzAzIEY2MDAgeDEuNDczIHkxLjQ1MSByMS40NjgKTjE1NEcwMSBGNjAwIHgxLjMwNiB5MS4yODEKTjE1NUcwMyBGNjAwIHgzLjQyNCB5MS4wNjYgcjEuNzA2Ck4xNTZHMDMgRjYwMCB4NC4xMDQgeTMuMDgzIHIxLjcwNgpOMTU3RzAzIEY2MDAgeDIuNjg0IHk0LjE5NiByMS43MDYKTjE1OEcwMyBGNjAwIHgxLjA1OSB5My40MTMgcjEuNzA2Ck4xNTlHMDMgRjYwMCB4MS4zMDYgeTEuMjgxIHIxLjcwNgpOMTYwRzAwIHoxLjAwMApOMTYxTTUKTjE2Mkc1MyBHMDAgei0wLjUwMApOMTYzTTMwCk4xNjQKKE1TR0BlbmQpCg==","tool":"3FE64A6F-BFBC-4E48-8D48-9D7195783FDC","completed":0,"origin":{"y":28.67969501204309,"b":0,"z":-59.38100000000001,"x":15.42716801671184,"c":0},"uuid":"52B7A20E-2B4A-4578-B837-379EB91783A0"},{"tag":"exterior-profile",